cluster,size,avg_content_interactions,avg_forum_posts,avg_discord_messages,avg_webinar_attendance,avg_office_hours,avg_doc_views,avg_templates,avg_account_age
0,259,50.335907335907336,15.776061776061775,48.0,3.227799227799228,2.2625482625482625,155.46332046332046,12.18918918918919,168.51351351351352
1,238,62.52100840336134,34.98739495798319,98.47899159663865,6.474789915966387,1.1596638655462186,162.4033613445378,11.802521008403362,208.7731092436975
2,214,33.91121495327103,19.35981308411215,109.03738317757009,6.9766355140186915,2.514018691588785,167.20093457943926,5.5046728971962615,162.67757009345794
3,289,45.42214532871972,26.91695501730104,138.85467128027682,1.9515570934256055,2.1072664359861593,113.68512110726644,8.90311418685121,181.69204152249134
